City,Country,Date,Cloudiness,Humidity,Latitude,Longitude,Max Temp,Wind Speed
Cape Town,ZA,1547938800,0,59,-33.93,18.42,16.0,9.8
Isangel,VU,1547943243,92,100,-19.55,169.27,25.66,7.87
Shimoda,JP,1547938800,75,40,34.7,138.93,12.0,5.1
Yellowknife,CA,1547938800,75,76,62.45,-114.38,-24.0,8.2
Uberlandia,BR,1547943212,36,88,-18.92,-48.28,21.13,1.07
Ushuaia,AR,1547938800,40,61,-54.81,-68.31,10.0,15.4
Qaanaaq,GL,1547942560,0,100,77.48,-69.36,-32.17,4.67
Tuktoyaktuk,CA,1547938800,90,77,69.44,-133.03,-17.0,5.7
Hobart,AU,1547940600,75,38,-42.88,147.33,23.0,4.6
Severo-Kurilsk,RU,1547943245,80,98,50.68,156.12,0.23,9.52
Leningradskiy,RU,1547942660,24,97,69.38,178.42,-22.3,8.57
Kodiak,US,1547942100,1,47,39.95,-94.76,-10.0,4.6
Bethel,US,1547942160,90,80,60.79,-161.76,-10.0,2.1
Sao Joao da Barra,BR,1547943220,12,96,-21.64,-41.05,27.33,12.77
Namatanai,PG,1547942908,92,100,-3.66,152.44,26.66,6.07
Rikitea,PF,1547942812,64,100,-23.12,-134.97,26.63,4.77
New Norfolk,AU,1547940600,75,38,-42.78,147.06,23.0,4.6
Torbay,CA,1547938800,5,73,47.66,-52.73,-5.0,4.6
Ambilobe,MG,1547942924,88,98,-13.19,49.05,23.08,2.87
Lensk,RU,1547943247,88,81,60.71,114.91,-10.8,2.92
Half Moon Bay,US,1547942160,90,60,37.46,-122.43,20.0,2.1
Ponta do Sol,BR,1547943162,36,86,-20.63,-46.0,21.71,1.32
Korhogo,CI,1547943248,0,43,9.46,-5.63,19.38,2.77
La Ronge,CA,1547938800,40,74,55.1,-105.3,-31.0,3.1
Nanortalik,GL,1547943248,24,94,60.14,-45.24,-3.35,3.77
Temir,KZ,1547943248,76,84,49.14,57.13,-9.2,1.57
Busselton,AU,1547943118,0,82,-33.64,115.35,23.86,2.77
Barrow,AR,1547943248,0,51,-38.31,-60.23,22.38,6.37
Mataura,NZ,1547943249,80,66,-46.19,168.86,16.76,11.92
Port Lincoln,AU,1547942709,20,79,-34.72,135.86,21.63,4.77
Punta Arenas,CL,1547938800,0,37,-53.16,-70.91,13.0,12.3
Butaritari,KI,1547943249,44,100,3.07,172.79,28.73,5.62
Walvis Bay,NA,1547938800,0,82,-22.95,14.51,17.0,4.1
Cartagena,ES,1547940600,92,81,37.63,-1.0,10.0,1.0
Fez,MA,1547940600,75,93,34.03,-5.02,11.0,7.2
Karratha,AU,1547942962,0,47,-20.74,116.85,30.98,2.32
Upernavik,GL,1547943250,24,100,72.79,-56.15,-22.3,3.67
Kununurra,AU,1547940600,0,66,-15.77,128.74,32.0,0.5
Albany,US,1547942340,90,76,42.65,-73.75,-3.9,4.1
Honolulu,US,1547939700,90,71,21.3,-157.86,27.8,3.6
Tasiilaq,GL,1547941800,8,68,65.61,-37.64,-4.0,1.5
Acheng,CN,1547938800,0,70,45.55,126.95,-21.0,3.0
Vaini,IN,1547943240,0,82,15.34,74.49,14.71,1.12
Port Alfred,ZA,1547943251,68,97,-33.59,26.89,17.38,3.77
Caravelas,BR,1547943251,0,100,-17.73,-39.27,27.26,7.97
Saint George,GR,1547941800,75,93,39.45,22.34,7.0,1.32
Sabha,LY,1547942964,92,88,27.03,14.43,11.86,2.97
Avarua,CK,1547942400,75,74,-21.21,-159.78,30.0,3.6
Kapaa,US,1547938560,20,64,22.08,-159.32,26.1,7.2
Castro,CL,1547938800,0,64,-42.48,-73.76,20.0,2.6
Puerto Ayora,EC,1547938800,75,78,-0.74,-90.35,27.0,5.7
Dire,ET,1547943201,0,81,9.18,38.92,3.16,1.12
Mar del Plata,AR,1547943253,0,24,-46.43,-67.52,28.48,9.07
Thompson,CA,1547938800,5,67,55.74,-97.86,-32.0,2.1
Greenville,US,1547942100,90,100,34.85,-82.4,13.9,5.1
Saskylakh,RU,1547943165,68,67,71.97,114.09,-30.6,5.57
Tripoli,GR,1547941800,92,62,37.51,22.37,12.0,2.1
Svetlogorsk,RU,1547940600,75,85,53.14,59.15,-8.0,3.0
Riachao,BR,1547943116,76,96,-7.36,-46.62,22.31,2.67
Sarankhola,BD,1547943116,0,88,22.31,89.79,12.08,1.82
Chuy,UY,1547943251,48,81,-33.69,-53.46,19.06,6.02
Port Elizabeth,US,1547942580,90,82,39.31,-74.98,6.1,4.6
Bredasdorp,ZA,1547938800,0,66,-34.53,20.04,12.0,1.0
Pevek,RU,1547943150,44,100,69.7,170.27,-29.6,2.97
San Isidro,PH,1547942968,88,100,16.74,121.63,20.96,1.87
Aksu,KZ,1547940600,90,88,52.04,76.93,0.0,3.0
Hermanus,ZA,1547943255,0,92,-34.42,19.24,9.08,2.32
Kahului,US,1547942160,40,62,20.89,-156.47,27.2,9.8
Iqaluit,CA,1547938800,75,68,63.75,-68.52,-29.0,4.1
Kerema,PG,1547943118,76,86,-7.96,145.78,26.83,0.52
Puerto Suarez,BO,1547938800,75,83,-18.96,-57.8,26.0,1.57
Kalmunai,LK,1547943118,56,96,7.42,81.82,21.76,4.27
Elk Plain,US,1547942100,75,81,47.04,-122.37,11.1,1.77
Oneonta,US,1547943119,88,76,42.45,-75.06,-5.45,2.42
Cidreira,BR,1547942518,100,96,-30.17,-50.22,20.96,6.12
Taoudenni,ML,1547942932,0,36,22.68,-3.98,4.58,1.62
Tessalit,ML,1547942915,0,22,20.2,1.01,8.06,4.22
Arraial do Cabo,BR,1547943256,36,87,-22.97,-42.02,26.48,9.42
Kedrovyy,RU,1547940600,0,57,56.17,91.82,-7.0,3.17
Wattegama,LK,1547943120,36,98,7.35,80.68,16.26,2.07
Dzemul,MX,1547941560,75,65,21.21,-89.31,27.0,2.1
Lorengau,PG,1547942659,92,100,-2.02,147.27,26.83,5.62
Vung Tau,VN,1547942974,32,95,10.35,107.08,26.06,7.72
Lahaina,US,1547938560,20,61,20.87,-156.68,27.8,6.7
Lebu,ET,1547943257,0,81,8.96,38.73,3.16,1.12
Saint-Philippe,CA,1547940900,90,77,45.36,-73.48,-22.0,2.6
Lata,IN,1547942922,12,74,30.78,78.62,-1.52,0.97
Sorland,NO,1547943209,64,100,67.67,12.69,1.91,7.42
Kargasok,RU,1547943197,56,84,59.06,80.87,-7.45,2.27
Chokurdakh,RU,1547942722,12,0,70.62,147.9,-41.05,1.22
Kaeo,NZ,1547942760,48,63,-35.1,173.78,25.86,4.82
Hilo,US,1547941980,1,62,19.71,-155.08,26.7,3.6
Pangnirtung,CA,1547942671,12,61,66.15,-65.72,-36.8,1.57
Rome,IT,1547941800,75,81,41.89,12.48,7.0,2.1
La Rochelle,FR,1547940600,48,93,46.16,-1.15,8.0,1.5
Padang,ID,1547942947,76,100,-0.92,100.36,25.41,2.32
Vila Velha,BR,1547938800,40,94,-3.71,-38.6,26.0,2.6
Bluff,AU,1547943198,0,54,-23.58,149.07,28.51,4.32
Taybad,IR,1547943124,92,94,34.74,60.78,0.81,1.37
Eyl,SO,1547943259,0,100,7.98,49.82,21.83,6.52
Tucuman,PE,1547943126,36,72,-17.17,-70.89,19.33,1.32
Cardonal,CL,1547938800,0,68,-41.46,-72.99,20.0,4.1
Waingapu,ID,1547942987,56,100,-9.65,120.26,24.98,1.82
Tiksi,RU,1547943119,32,0,71.64,128.87,-43.8,1.17
Pisco,PE,1547938800,0,30,-13.71,-76.2,22.0,6.2
Atuona,PF,1547943260,92,100,-9.8,-139.03,26.06,7.42
Carnarvon,ZA,1547942699,0,38,-30.97,22.13,11.46,5.57
Erenhot,CN,1547943214,0,75,43.65,111.97,-20.6,5.47
Altamira,BR,1547943127,68,99,-3.2,-52.21,22.38,0.97
Ewa Beach,US,1547939700,90,71,21.32,-158.01,27.8,3.6
Kaitangata,NZ,1547943261,0,62,-46.28,169.85,16.81,12.82
Luderitz,NA,1547942501,0,53,-26.65,15.16,18.06,9.52
Salalah,OM,1547938200,0,50,17.01,54.1,24.0,5.7
Poum,MK,1547942913,100,100,41.28,20.71,1.16,0.97
Abu Kamal,SY,1547943129,0,73,34.45,40.92,-3.92,1.32
Hovd,NO,1547940000,75,92,63.83,10.7,-1.0,5.1
Pyshchug,RU,1547943129,80,85,58.89,45.71,-8.55,2.57
Son La,VN,1547943129,76,100,21.32,103.9,12.61,0.72
Rio Gallegos,AR,1547938800,40,32,-51.62,-69.22,20.0,10.3
Mount Gambier,AU,1547938800,40,68,-37.83,140.78,21.0,4.1
Bambous Virieux,MU,1547938800,75,94,-20.34,57.76,25.0,1.5
San Patricio,PY,1547942542,88,74,-26.98,-56.83,23.21,3.02
Leshukonskoye,RU,1547943130,76,83,64.9,45.76,-12.65,1.77
Puri,ID,1547940600,20,100,-7.54,112.45,26.0,1.5
Mehamn,NO,1547942675,76,84,71.03,27.85,-8.37,3.57
Hami,CN,1547942901,68,73,42.84,93.51,-9.55,0.72
Butembo,CD,1547943131,36,92,0.12,29.29,14.81,0.47
Gat,SN,1547940600,8,72,14.69,-16.54,18.0,6.2
Ca Mau,VN,1547943131,0,91,9.18,105.15,24.98,4.77
Victoria,BN,1547940600,75,94,5.28,115.24,27.0,4.82
Dikson,RU,1547942689,64,100,73.51,80.55,-12.95,4.07
Saint-Augustin,FR,1547940600,68,93,44.83,-0.61,6.0,2.6
San Juan,AR,1547942983,0,45,-31.54,-68.53,24.61,1.42
Acari,BR,1547942967,12,94,-6.44,-36.64,21.48,2.67
Road Town,VG,1547938800,40,69,18.42,-64.62,25.6,3.6
Flagstaff,US,1547942100,1,39,35.2,-111.65,13.0,2.1
Port-Cartier,CA,1547938800,20,56,50.03,-66.88,-28.0,3.6
Vaitape,PF,1547943125,36,100,-16.52,-151.75,28.23,5.17
Hasaki,JP,1547940600,75,64,35.73,140.83,2.0,1.5
Katsuura,JP,1547942400,75,87,33.93,134.5,7.0,2.6
Flin Flon,CA,1547938800,20,67,54.77,-101.88,-31.0,1.87
Ribeira Grande,PT,1547943265,100,100,38.52,-28.7,16.31,1.77
Cabo San Lucas,MX,1547941320,5,38,22.89,-109.91,26.0,2.6
Sirpur,IN,1547943136,0,76,18.94,78.68,11.16,1.22
Wawa,NG,1547942891,80,65,9.9,4.41,26.21,0.92
Jamestown,AU,1547943266,92,77,-33.21,138.6,17.51,2.87
Nioro,GM,1547943136,12,36,13.79,-15.05,19.66,4.67
Mahebourg,MU,1547938800,75,94,-20.41,57.7,25.0,1.5
Georgetown,GY,1547938800,75,83,6.8,-58.16,27.0,5.1
Sitka,US,1547943266,0,64,37.17,-99.65,-3.25,3.22
Ribas do Rio Pardo,BR,1547942683,68,81,-20.45,-53.76,25.23,2.32
Coquimbo,CL,1547938800,20,72,-29.95,-71.34,18.0,5.1
Provideniya,RU,1547943120,76,100,64.42,-173.23,-9.62,1.42
Rohru,IN,1547943137,32,56,31.2,77.75,-1.67,0.77
Hambantota,LK,1547943267,32,100,6.12,81.12,23.71,4.07
Nikolskoye,RU,1547940600,90,85,59.7,30.79,-4.0,5.0
Ngunguru,NZ,1547943137,44,86,-35.62,174.5,23.36,4.07
Grindavik,IS,1547940600,75,74,63.84,-22.43,1.0,11.3
Canutama,BR,1547943138,0,91,-6.53,-64.38,26.16,1.22
Laguna,MX,1547938980,5,28,27.52,-110.01,28.0,6.2
Mach,PK,1547943138,92,100,29.87,67.33,3.56,0.87
Havre-Saint-Pierre,CA,1547938800,20,56,50.23,-63.6,-27.0,4.6
Cooma,AU,1547938800,0,72,-36.24,149.13,19.0,5.1
Kruisfontein,ZA,1547943268,0,89,-34.0,24.73,15.48,3.22
Berlevag,NO,1547943268,44,100,70.86,29.09,-8.3,4.67
Kiomboi,TZ,1547943139,92,98,-4.28,34.41,18.51,1.17
Mount Isa,AU,1547940600,0,30,-20.73,139.49,35.0,2.6
Haimen,CN,1547943139,0,100,31.87,121.18,3.76,5.37
Ternate,PH,1547938800,40,74,14.29,120.72,26.0,1.0
Fort Nelson,CA,1547938800,75,77,58.81,-122.69,-19.0,1.0
Shingu,JP,1547938800,75,71,33.72,135.99,12.0,1.5
Ostrovnoy,RU,1547942768,8,75,68.05,39.51,-24.45,1.22
Monroe,US,1547942160,90,87,41.91,-83.4,-5.0,4.6
Nelson Bay,AU,1547940600,90,88,-32.72,152.14,23.0,5.1
Hithadhoo,MV,1547943172,80,100,-0.6,73.08,26.31,2.52
Garden City,US,1547941920,90,74,40.73,-73.63,3.3,4.1
Gamba,CN,1547943141,0,30,28.28,88.52,-28.4,1.07
Umm Kaddadah,SD,1547943141,0,44,13.6,26.69,10.11,1.82
Mayumba,GA,1547943141,68,100,-3.44,10.65,24.86,2.97
Taksimo,RU,1547943141,44,43,56.36,114.84,-19.17,0.67
Parrita,CR,1547942400,20,68,9.52,-84.33,23.0,4.6
Rong Kwang,TH,1547943142,0,92,18.34,100.32,15.36,1.12
Darnah,LY,1547943142,92,100,32.77,22.64,15.96,6.82
Loveland,US,1547942040,1,36,40.4,-105.08,8.3,3.1
Skibbereen,IE,1547942400,75,100,51.55,-9.27,6.0,2.6
Kieta,PG,1547942686,64,97,-6.22,155.63,28.08,5.22
Pimentel,BR,1547943143,64,91,-3.7,-45.5,25.01,1.17
Mandurah,AU,1547940600,0,33,-32.55,115.7,30.0,4.1
Obidos,PT,1547940600,40,87,39.36,-9.16,13.0,5.7
Chapais,CA,1547938800,1,73,49.78,-74.86,-34.0,1.0
Lewistown,US,1547942100,75,79,40.39,-90.15,-5.8,9.3
Kulhudhuffushi,MV,1547943144,0,100,6.62,73.07,26.31,1.42
Jacareacanga,BR,1547943144,20,81,-6.22,-57.76,26.96,1.67
San Quintin,PH,1547942708,0,81,17.54,120.52,19.73,1.37
Inhambane,MZ,1547943273,92,100,-23.87,35.38,24.46,15.47
Lavrentiya,RU,1547942545,56,100,65.58,-170.99,-16.85,3.82
Souillac,FR,1547940600,76,93,45.6,-0.6,7.0,1.5
Vestmannaeyjar,IS,1547942880,68,100,63.44,-20.27,1.88,6.07
Dawlatabad,AF,1547943145,92,100,36.41,64.91,0.31,3.17
Thunder Bay,CA,1547938800,5,48,48.41,-89.26,-22.0,4.1
Nome,US,1547942100,1,53,30.04,-94.42,7.8,8.2
Geraldton,CA,1547938800,20,62,49.72,-86.95,-27.0,1.5
Anjiang,CN,1547943146,92,100,27.32,110.14,2.86,1.62
Belmonte,PT,1547943146,88,93,40.36,-7.35,4.31,0.17
Hualmay,PE,1547943274,24,81,-11.1,-77.61,21.76,2.07
Khatanga,RU,1547943151,64,68,71.98,102.47,-23.17,4.52
Paka,HR,1547940600,75,94,45.29,18.06,1.0,2.6
Brownwood,US,1547942100,1,36,31.71,-98.99,10.0,6.7
Port Blair,IN,1547940600,75,94,11.67,92.75,24.0,2.6
Alofi,NU,1547938800,48,83,-19.06,-169.92,29.0,4.6
Bilibino,RU,1547943275,0,0,68.06,166.44,-40.8,1.17
Casablanca,MA,1547940600,75,100,33.6,-7.62,13.0,5.7
Pacific Grove,US,1547942400,1,57,36.62,-121.92,21.0,3.1
Villa Carlos Paz,AR,1547938800,20,72,-31.42,-64.5,20.0,3.1
Novikovo,UA,1547943148,48,100,45.05,34.56,-2.42,2.02
Aquiraz,BR,1547938800,40,94,-3.9,-38.39,26.0,2.6
Mandla,IN,1547943149,0,77,22.6,80.37,4.86,1.17
Finschhafen,PG,1547943149,64,75,-6.6,147.85,28.16,1.42
Yar-Sale,RU,1547942738,20,89,66.83,70.83,-16.85,4.67
Simnas,LT,1547943149,48,93,54.38,23.65,-3.5,7.02
Greenfield,US,1547942160,90,52,42.59,-72.6,-0.6,2.1
Qasigiannguit,GL,1547941800,80,84,68.82,-51.19,-16.0,7.7
Forestville,CA,1547938800,90,69,48.74,-69.09,-23.0,1.0
Henties Bay,NA,1547942691,0,100,-22.12,14.28,16.91,2.42
Adeje,NG,1547943151,0,93,5.68,5.76,24.46,3.12
Anadyr,RU,1547940600,0,76,64.73,177.51,-22.0,5.0
Worcester,GB,1547942160,90,100,52.19,-2.22,4.0,2.1
Coihaique,CL,1547938800,0,33,-45.58,-72.07,23.0,3.1
Tecoanapa,MX,1547941800,90,78,16.99,-99.26,27.0,1.5
Hofn,IS,1547942766,8,100,64.25,-15.21,3.96,10.67
Balaipungut,ID,1547943152,56,91,1.11,101.31,24.66,1.32
Yekaterinoslavka,RU,1547943153,32,79,54.34,72.46,-11.77,2.92
Salt,ES,1547940600,0,100,41.97,2.79,3.0,1.0
Airai,TL,1547943278,32,87,-8.93,125.41,24.13,0.67
Ahuimanu,US,1547939700,90,71,21.44,-157.84,27.8,3.6
Sturgis,US,1547942160,40,100,44.41,-103.51,2.0,1.5
Nova Prata,BR,1547943154,88,94,-28.78,-51.61,19.01,4.32
Kijang,KR,1547938800,20,91,35.24,129.21,3.0,2.1
Trabzon,TR,1547941800,0,39,41.01,39.72,8.0,2.6
Lazaro Cardenas,MX,1547941500,5,20,28.39,-105.62,14.0,2.6
Moerai,PF,1547942737,24,100,-22.43,-151.33,26.58,4.47
Sinnamary,GF,1547942765,68,94,5.38,-52.96,26.41,5.12
Daru,SL,1547942723,36,89,7.99,-10.85,23.66,1.57
Pacifica,US,1547942160,75,69,37.61,-122.49,20.0,3.1
Puerto Escondido,MX,1547937600,75,69,15.86,-97.07,28.0,1.67
Nipawin,CA,1547938800,1,68,53.36,-104.02,-29.0,1.0
Cairns,AU,1547940600,90,78,-16.92,145.77,26.0,4.6
Alindao,CF,1547943156,0,76,5.04,21.21,18.38,1.22
Lagoa,PT,1547940600,20,93,37.14,-8.45,14.0,6.2
Colac,AU,1547943280,24,71,-38.34,143.59,20.48,1.32
Etchoropo,MX,1547943157,0,47,26.77,-109.67,25.83,3.37
Te Anau,NZ,1547943280,80,81,-45.41,167.72,11.51,7.37
Binzhou,CN,1547943157,0,57,37.38,117.96,-7.25,3.62
Sulecin,PL,1547942400,0,100,52.44,15.12,-8.0,1.32
Constitucion,MX,1547941440,40,21,23.99,-104.67,17.0,4.6
Floro,NO,1547941800,8,86,61.6,5.03,-2.0,3.1
Westport,IE,1547942947,44,100,53.8,-9.52,4.83,1.52
Jhelum,PK,1547943158,68,90,32.94,73.72,6.61,1.52
Samarai,PG,1547942717,92,100,-10.62,150.67,25.48,4.72
Rio Grande,BR,1547942684,44,96,-32.03,-52.1,21.01,8.82
Kavieng,PG,1547943282,100,100,-2.57,150.8,25.58,4.47
Dingle,PH,1547943282,92,99,11.0,122.67,22.86,4.07
Pangkalanbuun,ID,1547943159,44,96,-2.68,111.62,24.88,1.87
Esperance,TT,1547938800,20,78,10.24,-61.45,25.0,2.1
Tuatapere,NZ,1547943282,92,100,-46.13,167.69,13.38,11.52
Curtea,RO,1547943160,92,88,45.83,22.31,-2.27,1.12
Mvuma,ZW,1547943160,68,85,-19.28,30.53,19.71,6.37
Tobol,SE,1547941800,0,91,59.83,12.54,-3.0,0.5
Celestun,MX,1547943160,24,95,20.87,-90.4,24.13,8.52
Tazovskiy,RU,1547943161,76,83,67.47,78.7,-14.7,6.82
Paita,PE,1547938800,75,290,-5.09,-81.11,17.0,4.6
Egvekinot,RU,1547943283,12,41,66.32,-179.17,-32.87,1.32
Black Forest,AU,1547940600,0,40,-34.96,138.58,23.0,3.6
Arrifes,PT,1547940600,20,76,37.77,-25.7,14.0,2.6
Porto Walter,BR,1547943162,8,91,-8.27,-72.74,25.81,0.62
Severo-Yeniseyskiy,RU,1547943162,64,69,60.37,93.04,-8.52,2.67
Adolfo Lopez Mateos,MX,1547942987,0,42,26.8,-109.39,26.66,0.87
Ventspils,LV,1547940000,0,74,57.39,21.56,2.0,7.2
Monrovia,LR,1547940600,20,94,6.33,-10.8,25.0,1.87
Los Llanos de Aridane,ES,1547940600,44,72,28.66,-17.92,17.0,4.6
Banda Aceh,ID,1547942729,24,98,5.56,95.32,23.86,2.22
Saldanha,PT,1547943285,100,96,41.42,-6.55,6.76,3.17
Cayenne,GF,1547940600,75,83,4.94,-52.33,26.0,3.1
Noyabrsk,RU,1547943163,88,93,63.2,75.45,-7.65,3.57
San Jose,PH,1547942687,88,97,15.79,120.99,22.23,1.17
Itarema,BR,1547942721,76,93,-2.92,-39.92,25.38,2.47
East London,ZA,1547943285,92,100,-33.02,27.91,18.21,6.32
College,US,1547942280,90,82,64.86,-147.8,-17.2,1.42
Lompoc,US,1547940900,1,49,34.64,-120.46,22.2,1.37
Tilichiki,RU,1547943286,88,81,60.47,166.1,-5.2,3.12
Varzelandia,BR,1547943164,24,40,-15.7,-44.03,27.38,5.22
San Carlos de Bariloche,AR,1547938800,0,22,-41.13,-71.31,27.0,8.7
Thurso,GB,1547941800,0,92,58.6,-3.52,2.0,2.6
Oktyabrskoye,RU,1547940600,0,78,56.73,85.44,-9.0,6.0
Atasu,KZ,1547943165,68,71,48.68,71.64,-6.55,2.92
Batemans Bay,AU,1547943287,0,82,-35.71,150.18,23.06,1.77
Ancud,CL,1547938800,92,64,-41.87,-73.83,20.0,2.6
Lubumbashi,CD,1547943166,92,99,-11.66,27.48,16.98,3.82
Rockland,US,1547942580,90,88,42.13,-70.92,-0.6,5.1
Talnakh,RU,1547943155,64,84,69.49,88.39,-17.8,5.62
Flinders,AU,1547940600,90,83,-34.58,150.85,21.0,1.5
Faanui,PF,1547943288,24,100,-16.48,-151.75,28.41,5.62
Dunedin,NZ,1547942881,0,55,-45.87,170.5,17.36,8.82
Labuhan,ID,1547943160,76,94,-2.54,115.51,24.58,1.12
Xinyu,CN,1547943168,92,100,27.8,114.93,6.86,5.87
Semirom,IR,1547943168,0,54,31.41,51.57,-19.12,0.67
Vallenar,CL,1547943169,8,78,-28.58,-70.76,19.46,0.92
Oshikango,NA,1547943169,80,90,-17.39,15.89,18.91,2.57
Rayadrug,IN,1547943170,0,90,14.7,76.87,13.86,2.32
Miramar,CR,1547938800,0,54,10.09,-84.73,26.0,4.6
Ypsonas,CY,1547940600,20,81,34.69,32.96,13.0,1.0
Gilgit,PK,1547943170,80,93,35.92,74.31,-8.25,0.17
Vostok,RU,1547943289,48,76,46.45,135.83,-20.45,1.17
Yerbogachen,RU,1547942919,80,79,61.28,108.01,-10.42,4.07
Longyearbyen,NO,1547938200,20,76,78.22,15.63,-20.0,3.6
Oriximina,BR,1547942951,44,98,-1.77,-55.87,24.21,0.87
Tarko-Sale,RU,1547943171,8,68,64.92,77.78,-20.52,1.37
San Rafael,AR,1547942916,0,30,-34.61,-68.33,26.91,5.42
Novobirilyussy,RU,1547943290,64,84,56.95,90.69,-8.35,3.22
Papara,BR,1547938800,40,94,-3.98,-38.73,26.0,2.6
Jackson,US,1547942160,90,88,35.61,-88.82,2.0,10.8
Mackenzie,CA,1547938800,90,92,55.34,-123.09,-4.0,4.1
Stawell,AU,1547943173,0,73,-37.06,142.77,20.63,4.57
Omboue,GA,1547942975,80,100,-1.57,9.26,27.33,3.02
Noumea,NC,1547942400,0,58,-22.28,166.46,28.0,6.7
Colonia,RO,1547940600,90,92,46.6,23.97,0.0,2.1
Clyde River,CA,1547938800,40,74,70.47,-68.59,-30.0,1.0
Guerrero Negro,MX,1547943207,0,31,27.97,-114.04,25.23,3.87
Mutare,MZ,1547942981,80,95,-18.97,32.67,19.56,3.17
Tuy Hoa,VN,1547943174,92,100,13.08,109.3,22.48,3.17
Vila do Maio,CV,1547938800,75,64,15.13,-23.22,21.0,7.7
Great Yarmouth,GB,1547941800,0,100,52.61,1.73,-3.0,1.0
Nova Olimpia,BR,1547943175,64,85,-14.8,-57.29,25.81,2.87
Igarka,RU,1547943175,48,75,67.47,86.57,-16.27,5.47
Broadford,IE,1547942400,90,93,52.35,-8.97,7.0,1.0
Honningsvag,NO,1547943176,0,100,70.98,25.97,-7.7,4.12
Taltal,CL,1547943176,32,77,-25.41,-70.49,18.76,0.97
Zakupne,UA,1547943176,80,73,49.12,26.33,-11.02,2.07
Norman Wells,CA,1547938800,75,64,65.28,-126.83,-18.0,5.1
Tual,ID,1547943278,80,100,-5.67,132.75,26.56,6.47
Saint-Pierre,FR,1547940600,80,82,48.95,4.24,2.0,4.6
Roebourne,AU,1547943177,0,47,-20.77,117.15,30.98,2.32
Jimo,CN,1547938800,8,92,36.39,120.46,-6.0,3.0
Tungor,RU,1547943177,0,84,53.39,142.95,-19.1,7.82
Bartica,GY,1547938800,20,88,6.41,-58.62,25.0,4.1
Barra do Garcas,BR,1547942747,48,64,-15.89,-52.26,26.11,2.72
Plettenberg Bay,ZA,1547943133,0,100,-34.05,23.37,16.81,1.52
Igbo Ora,NG,1547943178,8,82,7.43,3.28,24.38,3.02
Menongue,AO,1547943233,76,97,-14.66,17.68,17.16,1.12
Coahuayana,MX,1547943296,56,35,18.62,-100.35,25.61,0.92
Vila Franca do Campo,PT,1547940600,20,76,37.72,-25.43,14.0,2.6
Wewak,PG,1547943179,80,98,-3.55,143.63,25.48,0.92
Glossa,GR,1547941800,20,93,35.47,23.78,9.4,1.52
Torrijos,ES,1547943179,92,100,39.98,-4.28,3.33,1.37
Komsomolskiy,RU,1547942907,80,89,67.55,63.78,-9.95,5.02
Contai,IN,1547943179,0,100,21.78,87.75,16.76,1.97
Rocha,UY,1547943297,36,66,-34.48,-54.34,17.91,4.27
Poronaysk,RU,1547943180,0,81,49.22,143.1,-20.87,1.32
Bathsheba,BB,1547938800,40,73,13.22,-59.52,25.0,5.1
Hengshui,CN,1547943180,20,52,37.73,115.7,-6.17,3.77
Chabahar,IR,1547942923,48,100,25.29,60.65,21.81,7.92
Castletown,GB,1547938200,76,93,50.57,-2.44,6.0,3.1
Kuytun,RU,1547943181,24,65,54.34,101.51,-11.0,2.57
Srednekolymsk,RU,1547943201,0,83,67.46,153.71,-39.5,1.07
Digby,CA,1547942940,88,100,44.62,-65.76,-7.55,3.02
Mahmudabad,IR,1547943181,92,100,36.63,52.26,5.33,0.77
Basco,US,1547942100,1,72,40.33,-91.2,-7.2,5.1
Qaqortoq,GL,1547941800,32,78,60.72,-46.03,-8.0,2.1
Bethlehem,US,1547942100,90,80,40.62,-75.38,3.3,2.6
Tiznit,MA,1547942747,0,98,29.7,-9.73,10.96,0.42
Richards Bay,ZA,1547943182,92,98,-28.77,32.06,19.33,6.77
Vikulovo,RU,1547943182,48,89,55.07,40.96,-9.0,5.12
Tigil,RU,1547943183,24,82,57.8,158.67,-7.5,4.67
Carbonear,CA,1547938800,5,73,47.73,-53.24,-5.0,4.6
Pathein,MM,1547943183,0,90,16.78,94.73,17.11,1.77
Casper,US,1547941980,1,58,42.87,-106.31,1.7,11.3
Buraydah,SA,1547938800,0,75,26.33,43.97,8.0,3.6
Amahai,ID,1547943184,48,100,-3.31,129.0,28.73,3.62
Saint John,CA,1547938800,90,50,45.28,-66.06,-15.0,5.1
Yulara,AU,1547938800,48,30,-25.24,130.99,29.0,5.7
Puerto Maldonado,PE,1547938800,90,334,-12.59,-69.19,1.0,1.0
Odesa,LT,1547941800,90,86,54.5,24.82,-2.0,8.7
Peniche,PT,1547940600,40,87,39.36,-9.38,13.0,5.7
Miri,NG,1547943300,0,58,10.31,9.75,14.46,0.92
Sibolga,ID,1547942920,32,100,1.74,98.78,19.63,0.87
Matara,PE,1547942760,20,59,-13.74,-72.9,10.41,0.87
Belaya Gora,RU,1547942975,12,0,68.54,146.19,-45.27,1.32
Aviles,ES,1547940600,80,81,43.55,-5.92,11.0,1.5
Solnechnyy,RU,1547942725,64,65,50.72,136.64,-22.65,1.37
Spearfish,US,1547940900,90,74,44.49,-103.86,2.0,3.42
Makakilo City,US,1547939700,90,71,21.35,-158.09,27.8,3.6
Touros,BR,1547938800,40,78,-5.2,-35.46,28.0,3.6
Faya,SA,1547938800,0,81,18.39,42.45,12.0,2.1
Sao Filipe,CV,1547943166,8,95,14.9,-24.5,22.06,7.52
Gayny,RU,1547943187,0,72,60.3,54.33,-13.25,2.57
Pocatello,US,1547941980,90,75,42.87,-112.44,3.9,4.6
Longonjo,AO,1547943187,8,79,-12.91,15.25,13.86,1.17
Mackay,CA,1547938800,90,84,53.65,-115.58,-14.0,3.6
Bodden Town,KY,1547942400,20,88,19.28,-81.25,26.0,1.5
Faridpur,IN,1547943188,24,87,28.21,79.54,9.71,1.22
Codrington,AU,1547938800,75,61,-28.95,153.24,29.0,2.6
San Jeronimo,PE,1547943188,20,59,-13.65,-73.37,10.41,0.87
Kloulklubed,PW,1547938200,75,83,7.04,134.26,28.0,4.6
Muli,IN,1547943189,0,74,22.62,71.45,12.38,1.07
Balkhash,KZ,1547942924,80,85,46.84,74.98,-9.45,4.97
Bambanglipuro,ID,1547942924,12,91,-7.95,110.28,24.31,1.82
Yelizovo,RU,1547940600,90,81,53.19,158.38,0.0,4.0
Atar,MR,1547943150,0,45,20.52,-13.05,10.31,3.17
Evanston,US,1547941980,90,74,42.04,-87.69,-2.0,5.7
Novo Aripuana,BR,1547943190,68,100,-5.12,-60.38,23.66,0.92
Saint Joseph,US,1547942100,1,74,39.77,-94.85,-8.0,6.7
Avera,US,1547942100,90,47,33.19,-82.53,21.1,6.2
Mendi,ET,1547943306,0,46,9.8,35.1,12.06,2.02
Fortuna,ES,1547940600,75,81,38.18,-1.13,10.0,0.87
Cockburn Town,TC,1547943306,36,100,21.46,-71.14,25.86,7.72
Roxana,US,1547941980,90,85,38.85,-90.08,-3.0,8.2
Tromso,NO,1547941800,36,83,69.65,18.96,-6.0,6.2
Tomatlan,MX,1547943192,64,64,19.93,-105.25,25.81,0.92
Kollam,IN,1547940600,20,83,8.88,76.6,25.0,1.77
Ouegoa,NC,1547942744,12,66,-20.34,164.44,29.01,2.77
Manavalakurichi,IN,1547940600,20,83,8.13,77.3,25.0,1.32
Alcains,PT,1547943193,88,93,39.92,-7.46,4.31,0.17
El Tocuyo,VE,1547943193,8,84,9.79,-69.8,19.83,0.47
Kushima,JP,1547938800,40,77,31.5,131.29,16.0,5.7
Kumluca,TR,1547943194,56,100,36.37,30.29,0.86,0.47
Myaundzha,RU,1547943194,36,0,63.05,147.18,-44.12,1.32
Moron,VE,1547942739,20,76,10.49,-68.2,22.41,1.62
Mucuri,BR,1547943195,0,82,-18.08,-39.55,26.26,6.52
Hobyo,SO,1547943308,0,89,5.35,48.53,23.36,6.72
Kiama,AU,1547940600,90,83,-34.67,150.86,21.0,1.5
Corinth,GR,1547941800,40,87,37.94,22.93,9.0,1.5
Bonanza,NI,1547943196,76,83,14.03,-84.62,23.86,1.07
Tutoia,BR,1547943309,80,94,-2.76,-42.27,25.01,2.97
Bulgan,MN,1547943196,0,35,48.81,103.53,-14.12,4.57
Adrar,DZ,1547938800,0,29,27.87,-0.29,9.0,2.6
Plouzane,FR,1547940600,75,100,48.38,-4.62,5.0,1.5
Jalu,LY,1547942496,80,41,29.03,21.55,9.31,1.22
Praia da Vitoria,PT,1547938800,20,93,38.73,-27.07,13.0,3.32
Murdochville,CA,1547942742,36,58,48.96,-65.49,-21.27,4.57
Bestwig,DE,1547941800,0,63,51.36,8.4,-3.0,2.6
Chunskiy,RU,1547943197,8,68,56.08,99.63,-5.0,3.57
Portland,US,1547941980,1,85,45.52,-122.67,11.7,1.12
Tete,MZ,1547938800,40,88,-16.16,33.59,25.0,1.5
Kadyy,RU,1547943198,44,84,57.79,43.19,-10.77,4.52
Tshikapa,CD,1547943199,64,98,-6.42,20.79,21.96,0.92
Honiara,SB,1547943311,64,88,-9.43,159.96,27.66,1.42
Mareeba,AU,1547940600,90,78,-16.99,145.42,26.0,4.6
Impfondo,CD,1547943199,0,87,1.62,18.06,22.08,0.52
Kavaratti,IN,1547942566,0,100,10.57,72.64,27.33,1.52
Masvingo,ZW,1547943200,92,100,-20.08,30.83,18.71,4.02
Margate,AU,1547940600,75,38,-43.03,147.26,23.0,4.6
Broome,GB,1547942160,8,100,52.47,1.45,0.0,1.0
Loandjili,CG,1547938800,75,94,-4.77,11.87,26.0,0.5
Parabel,RU,1547943200,56,87,58.71,81.5,-7.85,2.57
Kardla,EE,1547941800,68,80,58.44,26.57,-1.0,6.7
Shestakovo,RU,1547943201,76,77,56.49,103.96,-7.05,3.32
Olinda,EC,1547938800,75,74,-2.03,-79.75,28.0,2.6
Lagunas,PE,1547943201,64,88,-5.23,-75.68,24.41,1.07
Rogovatoye,RU,1547943201,48,83,51.23,38.38,-9.75,4.02
Illapel,CL,1547943201,0,82,-31.63,-71.17,17.88,1.22
Ayna,ES,1547938800,75,100,38.55,-2.07,6.0,3.6
Dingtao,CN,1547943202,0,68,35.07,115.56,-7.75,2.07
Chumikan,RU,1547943202,0,52,54.72,135.31,-27.75,2.22
Znamenskoye,RU,1547943202,68,88,57.13,73.82,-9.52,3.02
Aripuana,BR,1547943203,12,85,-9.17,-60.63,27.46,1.17
Santa Marta,CO,1547938800,20,58,11.24,-74.21,30.0,8.2
Shu,KZ,1547943203,8,73,43.6,73.76,-1.45,2.47
Aklavik,CA,1547938800,90,76,68.22,-135.01,-20.0,1.5
Boyolangu,ID,1547942915,8,94,-8.09,111.9,22.91,1.77
Nata,CY,1547940600,20,81,34.78,32.57,13.0,1.0
Senneterre,CA,1547938800,40,74,48.39,-77.24,-32.0,1.0
Misratah,LY,1547943204,0,100,32.38,15.09,9.83,1.82
Bay Roberts,CA,1547938800,5,73,47.58,-53.28,-5.0,4.6
Beloha,MG,1547943205,32,89,-25.17,45.06,24.13,1.37
Turtas,RU,1547943205,80,82,58.94,69.13,-9.55,2.47
Bima,ID,1547943205,0,97,-8.45,118.73,26.06,1.07
Port Keats,AU,1547943140,0,93,-14.25,129.55,30.71,2.32
Grand Gaube,MU,1547938800,75,94,-20.01,57.66,25.0,1.5
Narsaq,GL,1547941800,76,78,60.91,-46.05,-8.0,2.1
Ginir,ET,1547942745,0,60,7.14,40.71,8.48,0.67
Karpinsk,RU,1547943206,32,69,59.76,60.01,-5.95,2.77
Tautira,PF,1547940600,40,62,-17.73,-149.15,32.0,5.7
Beruwala,LK,1547943206,20,100,6.48,79.98,24.58,9.02
Tura,IN,1547943316,0,76,25.52,90.21,8.98,1.17
Sretensk,RU,1547943206,8,56,52.24,117.7,-21.7,1.22
Cuorgne,IT,1547941800,75,93,45.39,7.65,2.0,0.5
Khorixas,NA,1547943207,32,63,-20.37,14.96,18.88,0.97
Krasnyy,RU,1547943207,56,89,53.81,40.7,-5.65,5.02
Hamilton,BM,1547938500,75,77,32.3,-64.78,17.0,1.0
Hirado,JP,1547938800,75,93,33.32,129.49,11.0,3.1
Takoradi,GH,1547943207,12,100,4.89,-1.75,26.71,2.07
Kibala,TD,1547938800,0,43,9.11,18.35,23.0,2.22
Khilok,RU,1547943208,68,53,51.36,110.46,-11.6,3.02
Burns Lake,CA,1547943208,76,66,54.23,-125.76,0.56,3.62
Sechelt,CA,1547941380,40,75,49.47,-123.76,8.0,2.1
Ulladulla,AU,1547940600,90,83,-35.36,150.48,21.0,1.5
Marawi,PH,1547943317,88,97,8.0,124.29,20.91,1.12
Northam,GB,1547938200,88,93,51.04,-4.21,6.0,3.1
Itanhandu,BR,1547943209,56,99,-22.3,-44.93,17.26,1.17
Praia,BR,1547938800,0,37,-20.25,-43.81,28.0,2.1
Antofagasta,CL,1547938800,40,72,-23.65,-70.4,19.0,5.7
Mukhen,RU,1547943393,56,65,48.19,136.14,-16.42,1.32
Ridgecrest,US,1547942160,1,38,35.62,-117.67,17.2,1.17
LaPlace,US,1547942100,90,68,30.07,-90.48,13.3,10.8
